month,predicted_sales
7,212.0
8,231.14285714285714
9,250.28571428571428
